{"cameraMode":{"drawMode":0,"name":"Shaded","section":"Shading Mode"},"sceneLighting":false,"audioPlay":false,"sceneViewState":{"m_AlwaysRefresh":false,"showFog":true,"showSkybox":false,"showFlares":true,"showImageEffects":true,"showParticleSystems":true,"showVisualEffectGraphs":true,"m_FxEnabled":true},"in2DMode":false,"pivot":{"x":1.755552053451538,"y":1.0651077032089234,"z":-0.773284375667572},"rotation":{"x":-0.6795824766159058,"y":0.014276140369474888,"z":-0.013233773410320282,"w":-0.7334305047988892},"size":1.4586033821105958,"orthographic":false}